{"branches": 56.666666666666664, "coverage": 59.04017857142857}