{"branches": 89.65517241379311, "coverage": 83.62573099415205}