{"branches": 42.94871794871795, "coverage": 43.04609218436874}