{"branches": 45.89041095890411, "coverage": 45.75107296137339}