{"branches": 91.37931034482759, "coverage": 81.19092627599244}