{"branches": 58.77192982456141, "coverage": 61.26230457440649}