{"branches": 44.07894736842105, "coverage": 43.26298701298701}